<?xml version="1.0" encoding="UTF-8"?>
<project-private xmlns="http://www.netbeans.org/ns/project-private/1">
    <editor-bookmarks xmlns="http://www.netbeans.org/ns/editor-bookmarks/2" lastBookmarkId="0"/>
    <open-files xmlns="http://www.netbeans.org/ns/projectui-open-files/2">
        <group>
            <file>file:/D:/MS/NBAD/Assignment1/Assignment1Project/src/java/nbad/businessLogic/UserController.java</file>
            <file>file:/D:/MS/NBAD/Assignment1/Assignment1Project/web/header.jsp</file>
        </group>
    </open-files>
</project-private>
